id,province_id,name,slug,lat,long
290,8,ارجمند,arjmand,35.815046,52.513575
291,8,اسلامشهر,eslamshahr,35.54458050,51.23024570
292,8,اندیشه,andisheh,35.7078279,51.0227582
293,8,آبسرد,absard,35.630136,52.165658
294,8,آبعلی,abali,35.767875,51.965933
295,8,باغستان,baghestan,35.648330,51.160195
296,8,باقرشهر,baqershahr,35.532793,51.405898
297,8,بومهن,bumehen,35.731710,51.869123
298,8,پاکدشت,pakdasht,35.46689130,51.68606250
299,8,پردیس,pardis,35.752276,51.797622
300,8,پیشوا,pishva,35.307937,51.725692
301,8,تهران,tehran,35.69611100,51.42305600
302,8,جوادآباد,javadabad,35.210195,51.681522
303,8,چهاردانگه,chahardangeh,35.599084,51.313793
304,8,حسن آباد,tehran-hasan-abad,35.370083,51.239977
305,8,دماوند,damavand,35.7013041,52.0586252
306,8,دیزین,dizin,36.050057,51.416874
307,8,شهر ری,shahr-rey,35.576630,51.456839
308,8,رباط کریم,robat-karim,35.48472200,51.08277800
309,8,رودهن,rudehen,35.730399,51.907825
310,8,شاهدشهر,shahedshahr,35.572675,51.087670
311,8,شریف آباد,sharif-abad,35.426474,51.786289
312,8,شمشک,shemshak,36.010974,51.491032
313,8,شهریار,shahriyar,35.6706771,51.0227587
314,8,صالح آباد,tehran-saleh-abad,35.505347,51.191665
315,8,صباشهر,sabashahr,35.584354,51.119406
316,8,صفادشت,safadasht,35.678601,50.819750
317,8,فردوسیه,ferdowsiyeh,35.599247,51.058187
318,8,فشم,fasham,35.937698,51.527531
319,8,فیروزکوه,firuzkuh,35.7549861,52.7723553
320,8,قدس,qods,35.711524,51.114470
321,8,قرچک,qarchak,35.436073,51.574716
322,8,کهریزک,kahrizak,35.518934,51.361084
323,8,کیلان,kilan,35.558257,52.156906
324,8,گلستان,shahr-golestan,35.519418,51.180518
325,8,لواسان,lavasan,35.821019,51.630494
326,8,ملارد,malard,35.689866,50.982591
327,8,میگون,meygun,35.963860,51.485195
328,8,نسیم شهر,nasim-shahr,35.565395,51.158395
329,8,نصیرآباد,nasir-abad,35.610435,51.161678
330,8,وحیدیه,vahidiyeh,35.605288,51.026688
331,8,ورامین,varamin,35.3252098,51.6471577
1116,8,پرند,parand,35.484111,50.937724
1153,8,قیامدشت,qiamdasht,35.526666830548194,51.65616957897392
948,27,امیرکلا,amirkola,36.599816,52.665582
949,27,ایزدشهر,izadshahr,36.610676,52.181024
950,27,آلاشت,alasht,36.065769,52.836792
951,27,آمل,amol,36.46972200,52.35083300
952,27,بابل,babol,36.5386629,52.6764543
953,27,بابلسر,babolsar,36.70250000,52.65750000
954,27,بلده,mazandaran-baladeh,36.148708,53.61763
955,27,بهشهر,behshahr,36.69222200,53.55250000
956,27,بهنمیر,behnamir,36.673011,52.760167
957,27,پل سفید,pol-sefid,36.114280,53.056551
958,27,تنکابن,tonekabon,36.81638900,50.87388900
959,27,جویبار,juybar,36.64111100,52.91250000
960,27,چالوس,chalus,36.64591740,51.40697900
961,27,چمستان,chamestan,36.479417,52.117989
962,27,خرم آباد,mazandaran-khorram-abad,36.781259,50.869682
963,27,خلیل شهر,khalil-shahr,36.700811,53.641777
964,27,خوش رودپی,khosh-roudpey,36.372782,52.566211
965,27,دابودشت,dabudasht,36.4833,52.45
966,27,رامسر,ramsar,36.9268412,50.6430244
967,27,رستمکلا,rostamkola,36.680063,53.416729
968,27,رویان,royan,36.569269,51.962889
969,27,رینه,rineh,35.881548,52.169980
970,27,زرگرمحله,zargarmahalleh,36.5216636,52.5752104
971,27,زیرآب,zirabd,36.181490,52.972640
972,27,ساری,sari,36.56333300,53.06000000
973,27,سرخرود,sorkhrud,36.672720,52.449738
974,27,سلمان شهر,salman-shahr,36.704070,51.196589
975,27,سورک,surak,36.596166,53.210993
976,27,شیرگاه,shirgah,36.298709,52.885526
977,27,شیرود,shirud,36.850845,50.804536
978,27,عباس آباد,abbas-abad,36.726042,51.108468
979,27,فریدونکنار,fereydunkenar,36.68638900,52.52250000
980,27,فریم,farim,36.0457129,53.2429959
981,27,قائم شهر,qaem-shahr,36.46305600,52.86000000
982,27,کتالم,katalom,36.877489,50.723190
983,27,کلارآباد,kelarabad,36.687655,51.246743
984,27,کلاردشت,kelardasht,36.497487,51.151935
985,27,هادی شهر (کله بست),kalleh-bast,36.642509,52.627805
986,27,کوهی خیل,kuhi-khil,36.687314,52.908676
987,27,کیاسر,kiyasar,36.241707,53.540955
988,27,کیاکلا (سیمرغ),kiyakola,36.581759,52.812095
989,27,گتاب,gatab,36.431088,52.657385
990,27,گزنک,gazanak,35.903765,52.220691
991,27,گلوگاه,galugah,36.72722200,53.80888900
992,27,محمودآباد,mazandaran-mahmudabad,36.63194400,52.26277800
993,27,مرزن آباد,marzan-abad,36.455513,51.299018
994,27,مرزیکلا,marzikola,36.361085,52.735791
995,27,نشتارود,nashtarud,36.750721,51.020154
996,27,نکا,neka,36.65083300,53.29916700
997,27,نور,nur,36.5750384,52.0268404
998,27,نوشهر,nowshahr,36.64888900,51.49611100
1119,27,سادات شهر,sadat-shahr,36.8912569,50.6975269
1170,27,ارطه,arateh,36.4944575293706,52.9401969909667
1171,27,امامزاده عبدالله,imamzadeh-abdollah,36.402217980674,52.30899810791
1172,27,هچیرود,hachirud,36.6874866814528,51.3449907302856
1173,27,پایین هولار,paeen-hular,36.4350943480021,53.1243896484375
1174,27,پول,pul,36.3951712342658,51.5928268432617
1175,27,کجور,kojur,36.3837707329731,51.728868484497
1199,27,سوادکوه,savadkuh,36.0854729,52.9486211
1201,27,میاندورود,miandorud,36.571021,53.2402481
1,1,اسکو,osku,37.91583300,46.12361100
2,1,اهر,ahar,38.48943050,47.06835750
3,1,ایلخچی,ilkhchi,37.936767,45.980142
4,1,آبش احمد,abesh-ahmad,39.048484,47.315884
5,1,آذرشهر,azarshahr,37.75888900,45.97833300
6,1,آقکند,aqkand,37.257795,48.065464
7,1,باسمنج,basmanj,38.000618,46.463413
8,1,بخشایش,bakhshayesh,38.131695,46.947788
9,1,بستان آباد,bostan-abad,37.8431053,46.8303502
10,1,بناب,bonab,37.34027800,46.05611100
11,1,بناب جدید,bonab-jadid,38.428479,45.906823
12,1,تبریز,tabriz,38.06666700,46.30000000
13,1,ترک,tark,37.617121,47.770851
14,1,ترکمانچای,torkamanchay,37.581467,47.391007
15,1,تسوج,tasuj,38.318402,45.350274
16,1,تیکمه داش,tekmeh-dash,37.732963,46.952648
17,1,جلفا,jolfa,38.9307376,45.6288815
18,1,خاروانا,kharvana,38.684638,46.168992
19,1,خامنه,khameneh,38.188976,45.631627
20,1,خراجو,kharaju,37.309781,46.529910
21,1,خسروشهر,khosroshahr,37.959447,46.047477
22,1,خضرلو,khezerloo,37.430734,45.958407
23,1,خمارلو,khomarlu,39.156978,47.031821
24,1,خواجه,khajeh,38.155254,46.583753
25,1,دوزدوزان,duzduzan,37.948321,47.118307
26,1,زرنق,zarnaq,38.093593,47.083926
27,1,زنوز,zonuz,38.589822,45.830627
28,1,سراب,sarab,37.94083300,47.53666700
29,1,سردرود,sardrud,38.030123,46.149735
30,1,سهند,sahand,37.942632,46.136001
31,1,سیس,sis,38.197904,45.818626
32,1,سیه رود,siyah-rud,38.869670,46.002898
33,1,شبستر,shabestar,38.18027800,45.70277800
34,1,شربیان,sharabiyan,37.881306,47.100277
35,1,شرفخانه,sharafkhaneh,38.179366,45.483484
36,1,شندآباد,shendabad,38.1373245,45.6101274
37,1,صوفیان,sufian,38.279240,45.982075
38,1,عجب شیر,ajab-shir,37.47750000,45.89416700
39,1,قره آغاج,qarah-aghaj,37.128391,46.974996
40,1,کشکسرای,koshksaray,38.459603,45.566354
41,1,کلوانق,kolvanaq,38.102380,46.992001
42,1,کلیبر,kalibar,38.86944400,47.03555600
43,1,کوزه کنان,kuzeh-konan,38.191921,45.569722
44,1,گوگان,gowgan,37.782195,45.907681
45,1,لیلان,leylan,37.012662,46.205277
46,1,مراغه,maragheh,37.38916700,46.23750000
47,1,مرند,marand,38.42511700,45.76963600
48,1,ملکان,malekan,37.1428788,46.1042711
49,1,ملک کیان,malek-kian,38.056320,46.540650
50,1,ممقان,mamaqan,37.845185,45.987222
51,1,مهربان,mehraban,38.081338,47.132463
52,1,میانه,miyaneh,37.4264368,47.7241105
53,1,نظرکهریزی,nazarkahrizi,37.346850,46.763574
54,1,هادی شهر,hadi-shahr,38.828264,45.660767
55,1,هرگلان,hargalan,37.641087,46.220496
56,1,هریس,heris,38.2468677,47.116845
57,1,هشترود,hashtrud,37.47777800,47.05083300
58,1,هوراند,hurand,38.856615,47.364880
59,1,وایقان,vayqan,38.128665,45.714262
60,1,ورزقان,varzeqan,38.50972200,46.65444400
61,1,یامچی,yamchi,38.522378,45.641117
62,2,ارومیه,urmia,37.55527800,45.07250000
63,2,اشنویه,oshnavieh,37.03972200,45.09833300
64,2,ایواوغلی,eyvoghli,38.712990,45.207088
65,2,آواجیق,avajiq,39.332672,44.155797
66,2,باروق,baroq,36.953800,46.321428
67,2,بازرگان,bazargan,39.391762,44.389524
68,2,بوکان,bukan,36.52111100,46.20888900
69,2,پلدشت,poldasht,39.348318,45.067270
70,2,پیرانشهر,piranshahr,36.69444400,45.14166700
71,2,تازه شهر,tazeh-shahr,38.175760,44.690355
72,2,تکاب,takab,36.40083300,47.11333300
73,2,چهاربرج,chaharborj,37.123214,45.975981
74,2,خوی,khoy,38.55027800,44.95222200
75,2,دیزج دیز,dizaj-diz,38.461517,45.024333
76,2,ربط,rabat,36.210900,45.550175
77,2,سردشت,west-azarbaijan-sardasht,36.15527800,45.47888900
78,2,سرو,sarv,37.722135,44.655935
79,2,سلماس,salmas,38.19722200,44.76527800
80,2,سیلوانه,silvaneh,37.421674,44.854195
81,2,سیمینه,simineh,36.924404,46.116738
82,2,سیه چشمه,siah-cheshmeh,39.065644,44.386353
83,2,شاهین دژ,shahin-dezh,36.67916700,46.56694400
84,2,شوط,shut,39.220315,44.769158
85,2,فیرورق,firuraq,38.582183,44.852027
86,2,قره ضیاءالدین,qarag-ziyaaddin,38.890746,45.026479
87,2,قطور,qatur,38.468841,44.404592
88,2,قوشچی,qushchi,37.989651,45.036156
89,2,کشاورز,keshavarz,36.834946,46.359451
90,2,گردکشانه,gerdkashaneh,36.813888,45.257771
91,2,ماکو,maku,39.29527800,44.51666700
92,2,محمدیار,mohammadyar,36.983117,45.518718
93,2,محمودآباد,west-azarbaijan-mahmudabad,36.718294,46.513401
94,2,مهاباد,west-azarbaijan-mahabad,36.76305600,45.72222200
95,2,میاندوآب,miandoab,36.96944400,46.10277800
96,2,میرآباد,mirabad,36.406621,45.371883
97,2,نالوس,nalus,36.983323,45.143058
98,2,نقده,naqadeh,36.95527800,45.38805600
99,2,نوشین,nushin,37.733421,45.056133
100,3,اردبیل,ardabil,38.253684,48.3000183
101,3,اصلاندوز,aslanduz,39.442771,47.409868
102,3,آبی بیگلو,abi-beyglu,38.283502,48.553798
103,3,بیله سوار,bile-savar,39.3822864,48.3501725
104,3,پارس آباد,pars-abad,39.6207638,47.9050684
105,3,تازه کند,tazeh-kand,38.243185,48.031867
106,3,تازه کندانگوت,tazeh-kand-angut,39.043927,47.744597
107,3,جعفرآباد,jafarabad,39.434069,48.097672
108,3,خلخال,khalkhal,37.61888900,48.52583300
109,3,رضی,razi,38.625419,48.092952
110,3,سرعین,sareyn,38.147818,48.071666
111,3,عنبران,anbaran,38.488367,48.434672
112,3,فخرآباد,fakhrabad,38.523995,47.863011
113,3,کلور,kolor,37.388639,48.723078
114,3,کوراییم,kurayim,37.953842,48.235366
115,3,گرمی,germi,39.0383863,48.0789185
116,3,گیوی,givi,37.691799,48.337236
117,3,لاهرود,lahrud,38.506423,47.829718
118,3,مشگین شهر,meshgin-shahr,38.39888900,47.68194400
119,3,نمین,namin,38.42694400,48.48388900
120,3,نیر,ardabil-nir,38.03472200,47.99861100
121,3,هشتجین,hashjin,37.369962,48.321830
122,3,هیر,hir,38.081811,48.503008
123,4,ابریشم,abrisham,32.570153,51.572570
124,4,ابوزیدآباد,abuzeydabad,33.903367,51.762256
125,4,اردستان,ardestan,33.37611100,52.36944400
126,4,اژیه,ezhiyeh,32.440773,52.382598
127,4,اصفهان,isfahan,32.65462750,51.66798260
128,4,افوس,afus,33.024119,50.091948
129,4,انارک,anarak,33.307039,53.696859
130,4,ایمانشهر,imanshahr,32.4765463,51.4755955
131,4,آران وبیدگل,aran-va-bidgol,34.05777800,51.48416700
132,4,بادرود,badroad,33.691093,52.006348
133,4,باغ بهادران,bagh-bahadoran,32.378565,51.189980
134,4,بافران,bafran,32.838941,53.140655
135,4,برزک,barzok,33.788908,51.227445
136,4,برف انبار,barf-anbar,33.000815,50.192671
137,4,بهاران شهر,baharan-shahr,32.651019,51.724851
138,4,بهارستان,baharestan,32.487096,51.772212
139,4,بوئین و میاندشت,bueen-miyandasht,33.081004,50.162265
140,4,پیربکران,pirbakran,32.473162,51.557851
141,4,تودشک,toodeshk,32.720334,52.665448
142,4,تیران,tiran,32.702790,51.153352
143,4,جندق,jandaq,34.042702,54.413652
144,4,جوزدان,jowzdan,32.555185,51.373272
145,4,جوشقان و کامو,jowsheqan-kamu,33.565312,51.215341
146,4,چادگان,chadegan,32.76833300,50.62861100
147,4,چرمهین,charmahin,32.331805,51.188392
148,4,چمگردان,chamgordan,32.392862,51.338854
149,4,حبیب آباد,habib-abad,32.831152,51.774960
150,4,حسن آباد,isfahan-hasan-abad,32.403815,51.550753
151,4,حنا,hana,31.197283,51.723150
152,4,خالدآباد,khaledabad,33.700547,51.987755
153,4,خمینی شهر,khomeyni-shahr,32.6932588,51.5360364
154,4,خوانسار,khansar,33.2811759,50.3172112
155,4,خور,isfahan-khur,33.776416,55.085943
157,4,خورزوق,khorzuq,32.776177,51.648960
158,4,داران,daran,32.985769,50.410177
159,4,دامنه,damaneh,33.017246,50.488143
160,4,درچه,dorcheh,32.613524,51.554012
161,4,دستگرد,dastgerd,32.801452,51.664152
162,4,دهاقان,dehaqan,31.9367604,51.6544506
163,4,دهق,dehaq,33.106381,50.959739
164,4,دولت آباد,isfahan-dowlat-abad,32.808081,51.696917
165,4,دیزیچه,dizicheh,32.400639,51.514806
166,4,رزوه,rozveh,32.836471,50.569553
167,4,رضوانشهر,isfahan-rezvanshahr,32.670637,51.060331
168,4,زاینده رود,zayandeh-rud,32.387321,51.268971
169,4,زرین شهر,zarrin-shahr,32.399807,51.399407
170,4,زواره,zavareh,33.445549,52.483620
171,4,زیباشهر,zibashahr,32.384887,51.563451
172,4,سده لنجان,sedeh-lenjan,32.375384,51.323114
173,4,سفیدشهر,sefidshahr,34.125198,51.355677
174,4,سگزی,segzi,32.695272,52.104678
175,4,سمیرم,semirom,31.39883460,51.56759300
176,4,شاهین شهر,shahin-shahr,32.8796692,51.5465539
177,4,شهرضا,shahreza,32.0081068,51.8628399
178,4,طالخونچه,talkhuncheh,32.239743,51.546304
179,4,عسگران,asgaran,32.866026,50.852001
180,4,علویجه,alavijeh,33.057118,51.073486
181,4,فرخی,farrokhi,33.842938,54.949880
182,4,فریدونشهر,fereydunshahr,32.94111100,50.12111100
183,4,فلاورجان,falavarjan,32.55527800,51.50972200
184,4,فولادشهر,fulad-shahr,32.517824,51.361532
185,4,قمصر,qamsar,33.750121,51.426573
186,4,قهجاورستان,qahjaverestan,32.702341,51.835620
187,4,قهدریجان,qahdarijan,32.569836,51.442837
188,4,کاشان,kashan,33.98503580,51.40996250
189,4,کرکوند,karkavand,32.344146,51.448073
190,4,کلیشاد و سودرجان,kelishad-soderjaan,32.550611,51.529355
191,4,کمشچه,komshecheh,32.906487,51.809421
192,4,کمه,komeh,31.064403,51.594608
193,4,کهریزسنگ,kahrizsang,32.632957,51.476637
194,4,کوشک,keveshk,32.640169,51.499588
195,4,کوهپایه,kuhpayeh,32.707858,52.453622
196,4,گرگاب,gorgab,32.867170,51.596303
197,4,گزبرخوار,gazborkhar,32.809240,51.617760
198,4,گلپایگان,golpayegan,33.4572376,50.2708143
199,4,گلدشت,goldasht,32.629645,51.445745
200,4,گلشهر,golshahr,33.506583,50.462866
201,4,گوگد,gugad,33.475607,50.353678
202,4,لای بید,lay-bid,33.457984,50.695295
203,4,مبارکه,mobarakeh,32.34638900,51.50444400
204,4,مجلسی,majlesi,32.194678,51.498198
205,4,محمدآباد,isfahan-mohammad-abad,32.319349,52.111127
206,4,مشکات,mashkat,34.188183,51.285424
207,4,منظریه,manzariyeh,31.946390,51.874137
208,4,مهاباد,isfahan-mahabad,33.529410,52.220485
209,4,میمه,isfahan-meymeh,33.4476373,51.1716107
210,4,نائین,naein,32.85994450,53.08783210
211,4,نجف آباد,najaf-abad,32.63242310,51.36799140
212,4,نصرآباد,isfahan-nasrabad,32.280112,52.060454
213,4,نطنز,natanz,33.51333300,51.91638900
214,4,نوش آباد,nush-abad,34.079855,51.435542
215,4,نیاسر,niyasar,33.977706,51.154618
216,4,نیک آباد,nik-abad,32.304580,52.199178
217,4,هرند,harand,32.566113,52.435254
218,4,ورزنه,varzaneh,32.417421,52.651826
219,4,ورنامخواست,varnamkhast,32.355347,51.376694
220,4,وزوان,vezvan,33.417615,51.183071
221,4,ونک,vanak,31.527620,51.329398
222,5,اسارا,asara,36.037170,51.194819
223,5,اشتهارد,eshtehard,35.721785,50.366703
224,5,تنکمان,tankaman,35.891266,50.615355
225,5,چهارباغ,chaharbagh,35.840533,50.848031
226,5,سعید آباد,said-abad,35.910603,50.770612
227,5,شهر جدید هشتگرد,shahr-jadid-hashtgerd,35.989523,50.727782
228,5,طالقان,taleqan,36.1748119,50.7650328
229,5,کرج,karaj,35.84001880,50.93909060
230,5,کمال شهر,kamal-shahr,35.880446,50.872106
231,5,کوهسار,kuhsar,35.961662,50.791576
232,5,گرمدره,garmdareh,35.752394,51.066470
233,5,ماهدشت,mahdasht,35.725564,50.807046
234,5,محمدشهر,alborz-mohammadshahr,35.754024,50.905065
235,5,مشکین دشت,meshkin-dasht,35.747897,50.943002
236,5,نظرآباد,nazarabad,35.9725666,50.6067771
237,5,هشتگرد,hashtgerd,35.960719,50.687399
1117,5,فردیس,fardis,35.736601,50.958216
1118,5,مارلیک,marlik,35.696704,50.968194
1135,5,کردان,kordan,35.9358340088272,50.8158016204834
1137,5,ساوجبلاغ,savojbolagh,35.9293707150663,50.8704757690429
1138,5,تهران دشت,tehran-dasht,35.9128278365719,50.7073974609375
238,6,ارکواز,arkavaz,33.387447,46.593640
239,6,ایلام,ilam,33.6349736,46.415281
240,6,ایوان,eyvan,33.82722200,46.30972200
241,6,آبدانان,abdanan,32.994264,47.420382
242,6,آسمان آباد,aseman-abad,33.852609,46.462111
243,6,بدره,badreh,33.306411,47.036977
244,6,پهله,pahleh,33.011101,46.883908
245,6,توحید,towhid,33.727409,47.067146
246,6,چوار,chovar,33.695655,46.297631
247,6,دره شهر,dareh-shahr,33.1438981,47.3828959
248,6,دلگشا,delgosha,33.406546,46.594327
249,6,دهلران,dehloran,32.69416700,47.26777800
250,6,زرنه,zarneh,33.928708,46.183262
251,6,سراب باغ,sarab-bagh,32.898704,47.572989
252,6,سرابله,sarableh,33.767989,46.565404
253,6,صالح آباد,ilam-saleh-abad,33.470684,46.188025
254,6,لومار,lowmar,33.569451,46.810759
255,6,مهران,mehran,33.1176653,46.1732921
256,6,مورموری,murmuri,32.726479,47.676158
257,6,موسیان,musian,32.519803,47.376512
258,6,میمه,ilam-meymeh,33.228209,46.919839
259,7,امام حسن,imam-hasan,29.837507,50.263188
260,7,انارستان,anarestan,28.032648,52.063887
261,7,اهرم,ahram,28.884114,51.275618
262,7,آب پخش,ab-pakhsh,29.366763,51.070032
263,7,آبدان,abdan,28.077508,51.770904
264,7,برازجان,borazjan,29.269284,51.216502
265,7,بردخون,bordkhun,28.031095,51.457150
266,7,بندردیر,bandar-dayyer,27.843479,51.936609
267,7,بندردیلم,bandar-deylam,30.060303,50.163252
268,7,بندرریگ,bandar-rig,29.485289,50.630848
269,7,بندرکنگان,bandar-kangan,27.833812,52.073982
270,7,بندرگناوه,bandar-ganaveh,29.583560,50.512003
271,7,بنک,banak,27.863435,52.016144
272,7,بوشهر,bushehr,28.92338370,50.82031400
273,7,تنگ ارم,tange-eram,29.152236,51.528196
274,7,جم,jam,27.8122053,52.3507118
275,7,چغادک,choghadak,28.983428,51.021653
276,7,خارک,khark,29.2601804,50.3288332
277,7,خورموج,khormoj,28.652324,51.383228
278,7,دالکی,dalaki,29.430197,51.291035
279,7,دلوار,delvar,28.754527,51.067886
280,7,ریز,riz,28.052363,52.072127
281,7,سعدآباد,saadabad,29.386886,51.118226
282,7,سیراف,siraf,27.668780,52.343545
283,7,شبانکاره,shabankareh,29.470517,50.990682
284,7,شنبه,shanbeh,28.396317,51.762836
285,7,عسلویه,asaluyeh,27.475912,52.612603
286,7,کاکی,kaki,28.341930,51.521373
287,7,کلمه,koleme,28.940626,51.459671
288,7,نخل تقی,nakhl-taghi,27.501354,52.584626
289,7,وحدتیه,vahdatiyeh,29.486601,51.235556
332,9,اردل,ardal,31.9946467,50.6482601
333,9,آلونی,aloni,31.553159,51.059378
334,9,باباحیدر,babaheydar,32.329678,50.468359
335,9,بروجن,borujen,31.96527800,51.28722200
336,9,بلداجی,boldaji,31.938597,51.053295
337,9,بن,ben,32.540156,50.745163
338,9,جونقان,junaqan,32.151307,50.685232
339,9,چلگرد,chelgerd,32.463308,50.129642
340,9,سامان,saman,32.450072,50.911181
341,9,سفیددشت,sefiddasht,32.132594,51.182985
342,9,سودجان,sudejan,32.521939,50.399587
343,9,سورشجان,surshjan,32.316585,50.677872
344,9,شلمزار,shalamzar,32.047024,50.816982
345,9,شهرکرد,shahrekord,32.32555600,50.86444400
346,9,طاقانک,taqanak,32.217908,50.834728
347,9,فارسان,farsan,32.2582062,50.5705082
348,9,فرادنبه,faradonbeh,32.009528,51.218347
349,9,فرخ شهر,farrokh-shahr,32.273373,50.977420
350,9,کیان,kiyan,32.285300,50.893221
351,9,گندمان,gandoman,31.863122,51.156163
352,9,گهرو,gahru,32.008820,50.886633
353,9,لردگان,lordegan,31.51027800,50.82944400
354,9,مال خلیفه,mal-khalifeh,31.290250,51.262915
355,9,ناغان,naghan,31.934904,50.728580
356,9,نافچ,nafch,32.423623,50.789237
357,9,نقنه,naqneh,31.934317,51.329627
358,9,هفشجان,hafshejan,32.224116,50.767478
359,10,ارسک,aresk,33.702438,57.372858
360,10,اسدیه,asadiyeh,32.913729,60.021808
361,10,اسفدن,esfeden,33.645456,59.778671
362,10,اسلامیه,eslamiyeh,34.045970,58.221788
363,10,آرین شهر,aryan-shahr,33.331783,59.234580
364,10,آیسک,ayask,33.887410,58.381948
365,10,بشرویه,boshruyeh,33.864033,57.425666
366,10,بیرجند,birjand,32.86490390,59.22624720
367,10,حاجی آباد,south-khorasan-haji-abad,33.603824,59.999642
368,10,خضری دشت بیاض,khezri-dasht-beyaz,34.021794,58.817282
369,10,خوسف,khosf,32.782979,58.893070
370,10,زهان,zahan,33.423150,59.811845
371,10,سرایان,sarayan,33.86027800,58.52166700
372,10,سربیشه,sarbisheh,32.57555600,59.79833300
373,10,سه قلعه,seh-qaleh,33.667532,58.395810
374,10,شوسف,shusf,31.804132,60.008418
375,10,طبس ,south-khorasan-tabas,33.607960,56.935872
376,10,فردوس,ferdows,34.01861100,58.17222200
377,10,قاین,qaen,33.72666700,59.18444400
378,10,قهستان,qohestan,33.152299,59.716015
379,10,محمدشهر,south-khorasan-mohammdshahr,32.7810773,58.8919756
380,10,مود,mud,32.708857,59.525658
381,10,نهبندان,nehbandan,31.54194400,60.03638900
382,10,نیمبلوک,nimboluk,33.911819,58.931952
383,11,احمدآباد صولت,ahmadabad-sowlat,35.115696,60.688906
384,11,انابد,anabad,35.250893,57.808492
385,11,باجگیران,bajgiran,37.620928,58.419811
386,11,باخرز,bakharz,34.995619,60.315370
387,11,بار,bar,36.491068,58.718501
388,11,بایگ,bayk,35.374353,59.040012
389,11,بجستان,bajestan,34.522056,58.1722078
390,11,بردسکن,bardaskan,35.2617507,57.973082
391,11,بیدخت,beydokht,34.347118,58.764313
392,11,تایباد,taybad,34.74000000,60.77555600
393,11,تربت جام,torbat-jam,35.24388900,60.62250000
394,11,تربت حیدریه,torbat-heydariyeh,35.27388900,59.21944400
395,11,جغتای,joghatay,36.6409448,57.0759487
396,11,جنگل,jangal,34.7031384,59.2219037
397,11,چاپشلو,chapeshlu,37.350667,59.078707
398,11,چکنه,chekeneh,36.815872,58.507218
399,11,چناران,chenaran,36.6415861,59.1213959
400,11,خرو,kharv,36.154707,59.015843
401,11,خلیل آباد,khalil-abad,35.2531081,58.2890046
402,11,خواف,khaf,34.57638900,60.14083300
403,11,داورزن,davarzan,36.351095,56.883452
404,11,درگز,dargaz,37.4454811,59.1099161
405,11,در رود,dar-rud,36.13942,59.11718
406,11,دولت آباد,khorasan-razavi-dowlat-abad,36.437975,59.166655
407,11,رباط سنگ,robat-sang,35.547765,59.195623
408,11,رشتخوار,roshtkhar,34.97472200,59.62361100
409,11,رضویه,razaviyeh,36.2093771,59.7704315
410,11,روداب,rudab,36.023140,57.313871
411,11,ریوش,riyush,35.478161,58.456118
412,11,سبزوار,sabzevar,36.21518230,57.66782280
413,11,سرخس,sarakhs,36.54500000,61.15777800
414,11,سفیدسنگ,sefidsang,35.661711,60.094708
415,11,سلامی,salami,34.745244,59.978571
416,11,سلطان آباد,soltan-abad,36.147665,58.866656
417,11,سنگان,sangan,34.401242,60.260095
418,11,شادمهر,shadmehr,35.172194,59.037652
419,11,شاندیز,shandiz,36.396335,59.307901
420,11,ششتمد,sheshtamad,35.961575,57.767443
421,11,شهرآباد,shahrabad,35.149213,57.937764
422,11,شهرزو,shahrezu,36.748547,59.932480
423,11,صالح آباد,khorasan-razavi-saleh-abad,36.623708,60.062245
424,11,طرقبه,torghabeh,36.3114596,59.382906
425,11,عشق آباد,khorasan-razavi-eshq-abad,36.0441889,58.6844409
426,11,فرهادگرد,farhadgerd,35.766763,59.733610
427,11,فریمان,fariman,35.7017904,59.8468423
428,11,فیروزه,firuzeh,36.282438,58.585710
429,11,فیض آباد,feyz-abad,35.0144726,58.7774287
430,11,قاسم آباد,qasem-abad,35.910151,58.580411
431,11,قدمگاه,ghadamgah,36.111201,59.055152
432,11,قلندرآباد,qalandarabad,35.599351,59.944837
433,11,قوچان,quchan,37.1293332,58.4744185
434,11,کاخک,kakhk,34.147505,58.647487
435,11,کاریز,kariz,34.813501,60.824647
436,11,کاشمر,kashmar,35.23833300,58.46555600
437,11,کدکن,kadkan,35.587631,58.879080
438,11,کلات,kalat,34.19833300,58.54444400
439,11,کندر,kondor,35.212526,58.151321
440,11,گلمکان,golmakan,36.482450,59.159017
441,11,گناباد,gobabad,34.35277800,58.68361100
442,11,لطف آباد,lotf-abad,36.177375,58.732545
443,11,مزدآوند,mazdavand,36.156440,60.530280
444,11,مشهد,mashhad,36.26046230,59.61675490
445,11,ملک آباد,molk-abad,35.993874,59.582033
446,11,نشتیفان,nashtifan,34.435334,60.179350
447,11,نصرآباد,khorasan-razavi-nasrabad,34.817476,59.824955
448,11,نقاب,neqab,36.705841,57.419507
449,11,نوخندان,nokhandan,37.519222,58.989716
450,11,نیشابور,neyshabur,36.21408650,58.79609150
451,11,نیل شهر,nil-shahr,35.125591,60.773317
452,11,همت آباد,hemmat-abad,36.354017,59.665289
453,11,یونسی,yunesi,34.805088,58.439668
1150,11,گلبهار,golbahar,36.56894223551145,59.172019958496094
1155,11,بینالود,binaloud,35.997451981,59.337501525
1188,11,روشناوند,rushnavand,34.4658063276885,58.9062881469726
454,12,اسفراین,esfarayen,37.0666838,57.4966908
455,12,ایور,ivar,36.970997,56.262660
456,12,آشخانه,ashkhaneh,37.559477,56.923513
457,12,بجنورد,bojnurd,37.47500000,57.33333300
458,12,پیش قلعه,pish-qaleh,37.650731,56.998529
459,12,تیتکانلو,titkanlu,37.198338,58.289788
460,12,جاجرم,jajarm,36.9636091,56.3711929
461,12,حصارگرمخان,hesargarmkhan,37.463347,57.303333
462,12,درق,daraq,36.971819,56.208651
463,12,راز,raz,37.934346,57.108650
464,12,سنخواست,sankhast,37.102870,56.857982
465,12,شوقان,showqan,37.341110,56.886778
466,12,شیروان,shiravan,37.4092357,57.9276184
467,12,صفی آباد,north-khorasan-safi-abad,36.694094,57.929921
468,12,فاروج,faruj,37.23111100,58.21888900
469,12,قاضی,qazi,37.847587,57.316157
470,12,گرمه,garmeh,36.991198,56.300700
471,12,لوجلی,lojali,37.6069313,57.8574221
472,13,اروندکنار,arvandkenar,30.059159,48.466980
473,13,الوان,alvan,31.8750982,48.3388672
474,13,امیدیه,omidiyeh,30.7604608,49.701333
475,13,اندیمشک,andimeshk,32.46000000,48.35916700
476,13,اهواز,ahvaz,31.31832720,48.67061870
477,13,ایذه,izeh,31.8239621,49.8700869
478,13,آبادان,abadan,30.34729600,48.29340040
479,13,آغاجاری,aghajari,30.697296,49.830508
480,13,باغ ملک,bagh-malek,31.5259995,49.8905718
481,13,بستان,bostan,31.715772,47.993969
482,13,بندرامام خمینی,bandar-imam-khomeini,30.472181,49.083040
483,13,بندرماهشهر,bandar-mahshahr,30.5619815,49.1727179
484,13,بهبهان,behbahan,30.59583300,50.24166700
485,13,ترکالکی,torkalaki,32.242850,48.847489
486,13,جایزان,jayezan,30.874948,49.853800
487,13,چمران,chamran,30.7077318,49.1600695
488,13,چویبده,chavibdeh,30.1804414,48.5612382
489,13,حر,hor,32.1451617,48.3902049
490,13,حسینیه,hoseyniyeh,32.6763651,48.2468174
491,13,حمزه,hamzeh,32.393207,48.578088
492,13,حمیدیه,hamidiyeh,31.480981,48.434086
493,13,خرمشهر,khorramshahr,30.42562190,48.18911850
494,13,دارخوین,darkhoveyn,30.743861,48.436961
495,13,دزآب,dezab,32.2379601,48.4065342
496,13,دزفول,dezful,32.3830777,48.4235841
497,13,دهدز,dehdez,31.7010789,50.2946377
498,13,رامشیر,ramshir,30.89565210,49.40947010
499,13,رامهرمز,ramhormoz,31.28000000,49.60361100
500,13,رفیع,rafi,31.598166,47.893868
501,13,زهره,zohreh,30.4691667,49.684444
502,13,سالند,saland,32.498650,48.834357
503,13,سردشت,khuzestan-sardasht,30.3259917,50.2167174
504,13,سوسنگرد,susangerd,31.5566879,48.169733
505,13,شادگان,shadegan,30.6545959,48.6539251
506,13,شاوور,shavur,32.057125,48.302613
507,13,شرافت,sherafat,32.088264,48.768096
508,13,شوش,shush,32.19416700,48.24361100
509,13,شوشتر,shushtar,32.04555600,48.85666700
510,13,شیبان,sheyban,31.406954,48.794618
511,13,صالح شهر,saleh-shahr,32.213835,48.670871
512,13,صفی آباد,khuzestan-safi-abad,32.261587,48.416963
513,13,صیدون,seydun,31.364923,50.079374
514,13,قلعه تل,qaleh-tol,31.632402,49.895009
515,13,قلعه خواجه,qaleh-khajeh,32.204666,49.449677
516,13,گتوند,gotvand,32.25138900,48.81611100
517,13,لالی,lali,32.32888900,49.09361100
518,13,مسجدسلیمان,masjedsoleyman,31.9633768,49.289217
520,13,ملاثانی,molasani,31.586083,48.885169
521,13,میانرود,miyanrud,32.153824,48.439772
522,13,مینوشهر,minushahr,30.345250,48.215106
523,13,هفتگل,haftgel,31.453850,49.522719
524,13,هندیجان,hendijan,30.23638900,49.71194400
525,13,هویزه,hoveyzeh,31.465473,48.078940
526,13,ویس,veys,31.487711,48.878775
527,14,ابهر,abhar,36.14666700,49.21805600
528,14,ارمغان خانه,armaghan-khaneh,36.977820,48.372030
529,14,آب بر,ab-bar,36.928935,48.950059
530,14,چورزق,chavarzaq,36.998442,48.777530
531,14,حلب,halab,36.296328,48.062954
532,14,خرمدره,khorramdarreh,36.2109396,49.1929606
533,14,دندی,dandi,36.550463,47.610540
534,14,زرین آباد,zarrin-abad,36.422523,48.265885
535,14,زرین رود,zarrin-rud,35.759338,48.480608
536,14,زنجان,zanjan,36.6830045,48.5087209
537,14,سجاس,sojas,36.240153,48.553605
538,14,سلطانیه,soltaniyeh,36.434852,48.793588
539,14,سهرورد,sohrevard,36.073175,48.439922
540,14,صائین قلعه,sain-qaleh,36.304385,49.073031
541,14,قیدار,qeydar,36.120014,48.589868
542,14,گرماب,garmab,35.849508,48.198373
543,14,ماه نشان,mah-neshan,36.74444400,47.67250000
544,14,هیدج,hidaj,36.254179,49.131149
545,15,امیریه,amiriyeh,36.492155,54.915247
546,15,ایوانکی,eyvanaki,35.345769,52.069509
547,15,آرادان,aradan,35.249366,52.489322
548,15,بسطام,bastam,36.484857,54.998942
549,15,بیارجمند,biyarjomand,36.080700,55.808401
550,15,دامغان,damqan,36.16833300,54.34805600
551,15,درجزین,darjazin,35.633987,53.332743
552,15,دیباج,dibaj,36.430467,54.226381
553,15,سرخه,sorkheh,35.469385,53.218480
554,15,سمنان,semnan,35.5785919,53.3798218
555,15,شاهرود,shahrud,36.41805600,54.97638900
556,15,شهمیرزاد,shahmirzad,35.771462,53.335361
557,15,کلاته خیج,kalateh-khij,36.673616,55.297902
558,15,گرمسار,garmsar,35.21833300,52.34083300
559,15,مجن,mojen,36.480518,54.648228
560,15,مهدی شهر,mehdi-shahr,35.70000000,53.35000000
561,15,میامی,mayamey,36.411716,55.652704
562,16,ادیمی,adimi,31.113942,61.412072
563,16,اسپکه,espakeh,26.837263,60.173149
564,16,ایرانشهر,iranshahr,27.20250000,60.68472200
565,16,بزمان,bazman,27.853153,60.178900
566,16,بمپور,bampur,27.194887,60.464973
567,16,بنت,bent,26.293065,59.525900
568,16,بنجار,bonjar,31.040579,61.566406
569,16,پیشین,pishin,26.079850,61.722006
570,16,جالق,jalq,27.595857,62.704725
571,16,چابهار,chabahar,25.2968932,60.6459475
572,16,خاش,khash,28.2314223,61.1927587
573,16,دوست محمد,dust-mohammad,31.145737,61.792109
574,16,راسک,rask,26.240439,61.401365
575,16,زابل,zabol,31.02861100,61.50111100
576,16,مهرستان,mehrestan,27.129918,61.675401
577,16,زاهدان,zahedan,29.49638900,60.86277800
578,16,زهک,zahak,30.89388900,61.68027800
579,16,سراوان,saravan,27.37083300,62.33416700
580,16,سرباز,sarbaz,26.63083300,61.25638900
581,16,سوران,suran,27.290025,61.994004
582,16,سیرکان,sirkan,26.828972,62.640610
583,16,علی اکبر,ali-akbar,30.9382799,61.3249452
584,16,فنوج,fanuj,26.577127,59.645119
585,16,قصرقند,qasreqand,26.230040,60.747773
586,16,کنارک,konarak,25.4039407,60.3732653
587,16,گشت,gasht,27.786768,61.947741
588,16,گلمورتی,golmorti,27.482499,59.443889
589,16,محمدان,mohammadan,27.200962,60.561361
590,16,محمدآباد,sistan-baluchestan-mohammadabad,30.883276,61.462476
591,16,محمدی,mohammadi,27.3322695,62.3887884
592,16,میرجاوه,mirjaveh,29.017391,61.451474
593,16,نصرت آباد,nosrat-abad,29.854079,59.974022
594,16,نگور,negur,25.390985,61.139388
595,16,نوک آباد,nuk-abad,28.541363,60.760403
596,16,نیک شهر,nik-shahr,26.2349179,60.2284241
597,16,هیدوچ,hidouj,27.001784,62.116914
1200,16,پلان,pollan,25.5967260000000003,61.1018600000000021
598,17,اردکان,fars-ardakan,30.2425282,51.9924185
599,17,ارسنجان,arsenjan,29.9196885,53.2988834
600,17,استهبان,estahban,29.12666700,54.04222200
601,17,اشکنان,ashkenan,27.233871,53.603754
602,17,افزر,efzar,28.347163,52.965474
603,17,اقلید,eqlid,30.89888900,52.68666700
604,17,امام شهر,imam-shahr,28.446468,53.152370
605,17,اهل,ahel,27.211701,53.666818
606,17,اوز,owz,27.763261,54.005699
607,17,ایج,ij,29.021588,54.245959
608,17,ایزدخواست,izadkhast,31.516141,52.126479
609,17,آباده,abadeh,31.163231,52.648329
610,17,آباده طشک,abadeh-tashk,29.811229,53.726320
611,17,باب انار,bab-anar,28.968090,53.205905
612,17,بلده,fars-baladeh,29.284377,51.937523
613,17,بنارویه,bonaruyeh,28.087445,54.047174
614,17,بهمن,bahman,31.194337,52.483749
615,17,بوانات,bavanat,30.48559070,53.59333040
616,17,بیرم,beyrom,27.432651,53.514919
617,17,بیضا,beyza,29.972279,52.400923
618,17,جنت شهر,jannat-shahr,28.654661,54.688621
619,17,جهرم,jahrom,28.50000000,53.56055600
620,17,جویم,joyom,28.259821,53.980079
621,17,زرین دشت,zarrin-dasht,28.3545041,54.4177991
622,17,حسن آباد,fars-hasan-abad,30.5202542,52.4532087
623,17,خان زنیان,khane-zenian,29.670025,52.147370
624,17,خاوران,khavaran,28.937012,53.315470
625,17,خرامه,kharameh,29.499713,53.310942
626,17,خشت,khesht,27.233702,53.434453
627,17,خنج,khonj,27.89138900,53.43444400
628,17,خور,fars-khor,27.642677,54.345699
629,17,داراب,darab,28.75194400,54.54444400
630,17,داریان,daryan,29.561512,52.928395
631,17,دبیران,dabiran,28.405565,54.187200
632,17,دژکرد,dezhkord,30.723225,51.955891
633,17,دهرم,dehram,28.492324,52.304513
634,17,دوبرجی,doborji,28.307397,55.192672
635,17,رامجرد,ramjerd,30.074368,52.592990
636,17,رونیز,runiz,29.191357,53.768334
637,17,زاهدشهر,zahedshahr,28.752107,53.799886
638,17,زرقان,zarghan,29.766802,52.707016
639,17,سده,sedeh,30.705565,52.176968
640,17,سروستان,sarvestan,29.273931,53.223824
641,17,سعادت شهر,saadat-shahr,30.081386,53.136749
642,17,سورمق,suemaq,31.033961,52.840311
643,17,سیدان,seyedan,30.004988,53.006029
644,17,ششده,sheshdeh,28.929033,54.078102
645,17,شهرپیر,shahrepir,28.313485,54.330439
646,17,شهرصدرا,shahresadra,29.803552,52.485034
647,17,شیراز,shiraz,29.59176770,52.58369820
648,17,صغاد,soghad,31.192096,52.517996
649,17,صفاشهر,safashahr,30.582936,53.115392
650,17,علامرودشت,alamarvdasht,27.625216,52.998734
651,17,فدامی,fadami,28.214395,55.134373
652,17,فراشبند,farashband,28.8543247,52.0983803
653,17,فسا,fasa,28.93833300,53.64833300
654,17,فیروزآباد,fars-firuzabad,28.84388900,52.57083300
655,17,قائمیه,qaemyeh,29.851738,51.588943
656,17,قادرآباد,qaderabad,30.278377,53.266321
657,17,قطب آباد,qotb-abad,28.653986,53.634873
658,17,قطرویه,qatruyeh,29.146445,54.702752
659,17,قیر,qir,28.4798576,53.0433655
660,17,کارزین (فتح آباد),karzin-fath-abad,28.4338268,53.1258488
661,17,کازرون,kazerun,29.61944400,51.65416700
662,17,کامفیروز,kamfiruz,30.323396,52.193813
663,17,کره ای,kerehee,29.847772,53.098512
664,17,کنارتخته,konartakhteh,29.527197,51.398570
665,17,کوار,kavar,29.209275,52.686137
666,17,گراش,gerash,27.671636,54.149678
667,17,گله دار,galeh-dar,27.660183,52.662620
668,17,لار,lar,27.665994,54.327869
669,17,لامرد,lamerd,27.34237710,53.18035580
670,17,لپویی,lapuee,29.800022,52.651548
671,17,لطیفی,latifi,27.691039,54.385370
672,17,مبارک آباددیز,mobarak-abaddeyz,28.3583515,53.3285487
673,17,مرودشت,marvdasht,29.87416700,52.80250000
674,17,مشکان,meshkan,29.473507,54.347112
675,17,مصیری,masiri,30.243837,51.529294
676,17,مهر,mehr,27.55599310,52.88472050
677,17,میمند,meymand,28.867618,52.751906
678,17,نوبندگان,nowbandegan,28.856438,53.824875
679,17,نوجین,nojin,29.115574,52.0109499
680,17,نودان,nowdan,29.801866,51.692970
681,17,نورآباد,fars-nurabad,30.118987,51.535963
682,17,نی ریز,ney-riz,29.19888900,54.32777800
683,17,وراوی,varavi,27.466360,53.052441
684,18,ارداق,ardaq,36.052143,49.824436
685,18,اسفرورین,esfarvarin,35.936285,49.749570
686,18,اقبالیه,eqbaliyeh,36.228659,49.924589
687,18,الوند,alvand,36.187799,50.059515
688,18,آبگرم,abgarm,35.758510,49.285719
689,18,آبیک,abyek,36.04000000,50.53111100
690,18,آوج,avaj,35.579533,49.221700
691,18,بوئین زهرا,bueen-zahra,35.76694400,50.05777800
692,18,بیدستان,bidestan,36.230808,50.121367
693,18,تاکستان,takestan,36.06972200,49.69583300
694,18,خاکعلی,khakali,36.130613,50.174206
695,18,خرمدشت,khorramdasht,35.929101,49.511991
696,18,دانسفهان,danesfahan,35.814470,49.742612
697,18,رازمیان,razmian,36.541648,50.209075
698,18,سگزآباد,sagzabad,35.769190,49.938826
699,18,سیردان,sirdan,36.647668,49.190812
700,18,شال,shal,35.894741,49.768538
701,18,شریفیه,sharifiyeh,36.216277,50.150953
702,18,ضیاآباد,ziaabad,35.993892,49.446437
703,18,قزوین,qazvin,36.2736589,49.998236
704,18,کوهین,kuhin,36.372584,49.659201
705,18,محمدیه,mohammadiyeh,36.224696,50.181663
706,18,محمودآباد نمونه,mahmudabad-nemuneh,36.292618,49.898162
707,18,معلم کلایه,moallem-kelayeh,36.450650,50.479217
708,18,نرجه,narjeh,35.996566,49.620588
709,19,جعفریه,jafariyeh,34.774701,50.514665
710,19,دستجرد,dastjerd,34.5504237,50.2473376
711,19,سلفچگان,salafchegan,34.477853,50.456901
712,19,قم,qom,34.63994430,50.87594190
713,19,قنوات,qanavat,34.612495,51.023319
714,19,کهک,kahak,34.393294,50.863867
715,20,آرمرده,armadeh,35.931864,45.796466
716,20,بابارشانی,babarshani,35.677579,47.797887
717,20,بانه,baneh,35.99859990,45.88234280
718,20,بلبان آباد,bolban-abad,35.138639,47.316813
719,20,بوئین سفلی,bueen-sofla,35.939534,45.936241
720,20,بیجار,bijar,32.73527800,59.46666700
721,20,چناره,chenareh,35.183665,46.973097
722,20,دزج,dezaj,35.064603,47.964549
723,20,دلبران,delbaran,35.237198,47.984140
724,20,دهگلان,dehgolan,35.279450,47.420393
725,20,دیواندره,divandareh,35.91388900,47.02388900
726,20,زرینه,zarrineh,36.061207,46.916985
727,20,سروآباد,sarvabad,35.31250000,46.36694400
728,20,سریش آباد,serish-abad,35.250998,47.779713
729,20,سقز,saqez,36.24638900,46.26638900
730,20,سنندج,sanandaj,35.32187480,46.98616470
731,20,شویشه,shoveysheh,35.357119,46.677453
732,20,صاحب,saheb,36.203040,46.461439
733,20,قروه,qorveh,35.16789340,47.80382720
734,20,کامیاران,kamyaran,34.79555600,46.93555600
735,20,کانی دینار,kani-dinar,35.463055,46.211618
736,20,کانی سور,kani-sur,36.214770,46.812707
737,20,مریوان,marivan,35.526944,46.176389
738,20,موچش,muchesh,35.059948,47.153106
739,20,یاسوکند,yasukand,36.284217,47.746992
740,21,اختیارآباد,ekhtiarabad,30.328766,56.920337
741,21,ارزوئیه,orzueeyeh,28.459447,56.363861
742,21,امین شهر,amin-shahr,30.842951,55.340334
743,21,انار,anar,30.870400,55.271101
744,21,اندوهجرد,anduhjerd,30.234263,57.753968
745,21,باغین,baghin,30.185921,56.811204
746,21,بافت,baft,29.23305600,56.60222200
747,21,بردسیر,bardsir,29.92750000,56.57222200
748,21,بروات,baravat,29.065463,58.419542
749,21,بزنجان,bezanjan,29.250234,56.699195
750,21,بم,bam,29.10611100,58.35694400
751,21,بهرمان,bahreman,30.901211,55.727506
752,21,پاریز,pariz,29.878288,55.742816
753,21,جبالبارز,jebalbarez,28.907112,57.886705
754,21,جوپار,joupar,30.060735,57.114744
755,21,جوزم,javazm,30.513285,55.029895
756,21,جیرفت,jiroft,28.67511240,57.73715690
757,21,چترود,chatrud,30.603453,56.910982
758,21,خاتون آباد,khatun-abad,30.007877,55.421326
759,21,خانوک,khanuk,30.717800,56.774103
760,21,خورسند,khorsand,30.155369,55.086050
761,21,درب بهشت,darb-behesht,29.235742,57.337904
762,21,دهج,dehaj,30.694019,54.881558
763,21,رابر,rabor,29.291113,56.911025
764,21,راور,ravar,31.26555600,56.80555600
765,21,راین,rayen,29.595137,57.441845
766,21,رفسنجان,rafsanjan,30.40666700,55.99388900
767,21,رودبار,kerman-rudbar,28.0292807,57.9929783
768,21,ریحان شهر,reyhan-shahr,30.743264,56.731166
769,21,زرند,zarand,30.81277800,56.56388900
770,21,زنگی آباد,zangi-abad,30.407781,56.915467
771,21,زیدآباد,zeydabad,29.602267,55.537434
772,21,سیرجان,sirjan,29.45866760,55.67140510
773,21,شهداد,shahdad,30.420846,57.711224
774,21,شهربابک,shahrebabak,30.11638900,55.11861100
775,21,صفائیه,safaeeyeh,30.827824,55.812525
776,21,عنبرآباد,anbarabad,28.47833330,57.84138890
777,21,فاریاب,faryab,28.091861,57.225980
778,21,فهرج,fahraj,28.946456,58.884058
779,21,قلعه گنج,qaleh-ganj,27.52361100,57.88111100
780,21,کاظم آباد,kazem-abad,30.566584,56.845279
781,21,کرمان,kerman,30.2827881,57.0822144
782,21,کشکوئیه,koshkuiyeh,28.965289,56.590898
783,21,کهنوج,kahnuj,27.94676030,57.70625720
784,21,کوهبنان,kouhbanan,31.41027800,56.28250000
785,21,کیانشهر,kiyanshahr,31.151302,56.382007
786,21,گلباف,golbaf,29.885598,57.731223
787,21,گلزار,golzar,29.708721,57.044084
788,21,لاله زار,laleh-zar,29.521002,56.817190
789,21,ماهان,mahan,30.063847,57.291898
790,21,محمدآباد,kerman-mohammadabad,30.240698,56.612206
791,21,محی آباد,mohi-abad,30.084375,57.162230
792,21,مردهک,mardehak,28.354168,58.159561
793,21,مس سرچشمه,mes-sarcheshmeh,30.000173,55.795827
794,21,منوجان,manujan,27.44756260,57.50516160
795,21,نجف شهر,najaf-shahr,29.397615,55.723021
796,21,نرماشیر,narmashir,28.953329,58.698889
797,21,نظام شهر,nezam-shahr,28.9163336,58.5496666
798,21,نگار,negar,29.858324,56.801237
799,21,نودژ,nowdezh,27.536202,57.458367
800,21,هجدک,hojadk,30.755353,57.000868
801,21,یزدان شهر,yazdan-shahr,30.866417,56.373252
1198,21,جوادیه فلاح,javadiyeh-fallah,31.00115451727899,55.54962158203125
802,22,ازگله,azgeleh,34.833426,45.842364
803,22,اسلام آباد غرب,eslam-abad-gharb,34.1131847,46.5278715
804,22,باینگان,bayangan,34.980423,46.273352
805,22,بیستون,bisotun,34.397127,47.444973
806,22,پاوه,paveh,35.04333300,46.35638900
807,22,تازه آباد,tazeh-abad,34.497273,47.042373
808,22,جوان رود,javan-rud,34.8062744,46.4922002
809,22,حمیل,homeyl,33.937610,46.773713
810,22,ماهیدشت,mahidasht,34.269009,46.806392
811,22,روانسر,ravansar,34.71208920,46.65129980
812,22,سرپل ذهاب,sarepol-zahab,34.46111100,45.86277800
813,22,سرمست,sarmast,34.027073,46.330934
814,22,سطر,satar,34.811865,47.462440
815,22,سنقر,sonqor,34.780102,47.600583
816,22,سومار,sumar,33.881567,45.641091
817,22,شاهو,shahu,34.936026,46.460023
818,22,صحنه,sahneh,34.48138900,47.69083300
819,22,قصرشیرین,qasreshirin,34.5159031,45.5776859
820,22,کرمانشاه,kermanshah,34.3276924,47.0777685
821,22,کرندغرب,kerend-gharb,34.280214,46.238547
822,22,کنگاور,kangavar,34.50416700,47.96527800
823,22,کوزران,kuzaran,34.496370,46.599670
824,22,گهواره,gahvareh,34.344729,46.415477
825,22,گیلانغرب,gilanegharb,34.14222200,45.92027800
826,22,میان راهان,miyan-rahan,34.585489,47.445316
827,22,نودشه,nodesheh,35.181332,46.255928
828,22,نوسود,nowsud,35.161284,46.204151
829,22,هرسین,harsin,34.27191490,47.60461830
830,22,هلشی,halashi,34.110517,47.089505
831,23,باشت,basht,30.362192,51.158438
832,23,پاتاوه,pataveh,30.955741,51.267786
833,23,چرام,choram,30.754853,50.747545
834,23,چیتاب,chitab,30.7942097,51.327525
835,23,دهدشت,dehdasht,30.793828,50.568091
836,23,دوگنبدان,dogonbadan,30.359076,50.799406
837,23,دیشموک,dishmok,31.298895,50.399769
838,23,سوق,suq,30.857713,50.459025
839,23,سی سخت,sisakht,30.860511,51.457836
840,23,قلعه رئیسی,qaleh-reesi,31.1905312,50.4413014
841,23,گراب سفلی,garab-sofla,30.948196,50.902780
842,23,لنده,lendeh,30.983300,50.421442
843,23,لیکک,likak,30.89643778,50.09453878
844,23,مادوان,madavan,30.719370,51.544933
845,23,مارگون,margoon,30.991562,51.078969
846,23,یاسوج,yasuj,30.676952,51.568188
847,24,انبارآلوم,anbaralum,37.134763,54.621491
848,24,اینچه برون,incheh-borun,37.454147,54.719832
849,24,آزادشهر,azadshahr,37.08694400,55.17388900
850,24,آق قلا,aq-qala,37.01388900,54.45500000
851,24,بندرترکمن,bandar-torkaman,36.90166700,54.07083300
852,24,بندرگز,bandar-gaz,36.77496500,53.94617490
853,24,جلین,jelin,36.853457,54.536047
854,24,خان ببین,khan-bebin,37.011512,54.988653
855,24,دلند,daland,37.034983,55.044422
856,24,رامیان,ramiyan,37.01611100,55.14111100
857,24,سرخنکلاته,sorkhankalateh,36.893315,54.568705
858,24,سیمین شهر,simin-shahr,37.016771,54.227400
859,24,علی آباد کتول,ali-abad-katul,36.9073868,54.8566207
860,24,فاضل آباد,fazel-abad,36.899765,54.750280
861,24,کردکوی,kordkuy,36.79414260,54.11027400
862,24,کلاله,kalaleh,37.38083300,55.49166700
863,24,گالیکش,galikesh,37.271591,55.430789
864,24,گرگان,gorgan,36.84564270,54.43933630
865,24,گمیش تپه,gomish-tappeh,37.071172,54.074132
866,24,گنبدکاووس,gonbad-kavus,37.25000000,55.16722200
867,24,مراوه,maraveh,37.904117,55.955526
868,24,مینودشت,minudasht,37.22888900,55.37472200
869,24,نگین شهر,negin-shahr,37.139416,55.165787
870,24,نوده خاندوز,nowdeh-khanduz,37.076125,55.265061
871,24,نوکنده,nowkandeh,36.732168,53.918739
872,25,ازنا,azna,33.45583300,49.45555600
873,25,اشترینان,oshtorinan,34.016668,48.643684
874,25,الشتر,aleshtar,33.86398880,48.26423870
875,25,الیگودرز,aligudarz,33.40055600,49.69500000
876,25,بروجرد,borujerd,33.89419930,48.76703300
877,25,پلدختر,poldokhtar,33.1454387,47.7169222
878,25,چالانچولان,chalanchulan,33.666389,48.908386
879,25,چغلوندی,chaghalvandi,33.647681,48.561689
880,25,چقابل,cheqabol,33.281839,47.508058
881,25,خرم آباد,lorestan-khorram-abad,33.48777800,48.35583300
882,25,درب گنبد,darb-gonbad,33.690076,47.150853
883,25,دورود,dorud,33.49550280,49.06317430
884,25,زاغه,zagheh,33.502796,48.703330
885,25,سپیددشت,sepiddasht,33.217631,48.884193
886,25,سراب دوره,sarab-dowreh,33.5636959,48.0225482
887,25,فیروزآباد,lorestan-firuzabad,33.8978572,48.1039274
888,25,کونانی,kuhnani,33.400522,47.351202
889,25,کوهدشت,kuhdasht,33.53500000,47.60611100
890,25,گراب,garab,33.474439,47.237413
891,25,معمولان,mamulan,33.379476,47.960300
892,25,مومن آباد,momen-abad,33.585734,49.518514
893,25,نورآباد,lorestan-nurabad,30.1150903,51.5412962
894,25,ویسیان,veysian,33.487992,48.029351
895,26,احمدسرگوراب,ahmadsargurab,37.147045,49.350464
896,26,اسالم,asalem,37.719089,48.957309
897,26,اطاقور,otaghvar,37.109545,50.113986
898,26,املش,amlash,37.09163340,50.18693770
899,26,آستارا,astara,38.42916700,48.87194400
900,26,آستانه اشرفیه,astaneh-ashrafiyeh,37.25980220,49.94366210
901,26,بازار جمعه,bazar-jomeh,37.278774,49.381056
902,26,بره سر,bareh-sar,36.776489,49.753518
903,26,بندرانزلی,bandar-anzali,37.47244670,49.45873120
906,26,پره سر,pareh-sar,37.601143,49.066830
907,26,تالش,talesh,37.803562,48.903365
908,26,توتکابن,tutkabon,36.890922,49.530616
909,26,جیرنده,jirandeh,36.700871,49.789610
910,26,چابکسر,chaboksar,36.975504,50.563776
911,26,چاف و چمخاله,chaf-and-chamkhaleh,37.230138,50.255713
912,26,چوبر,chubar,38.182235,48.890534
913,26,حویق,haviq,38.159765,48.877387
914,26,خشکبیجار,khoshkebijar,37.375305,49.757852
915,26,خمام,khomam,37.387734,49.657602
916,26,دیلمان,deylaman,36.887566,49.908239
917,26,رانکوه,ranekouh,37.052263,50.238504
918,26,رحیم آباد,rahim-abad,37.030421,50.336116
919,26,رستم آباد,rostam-abad,36.900897,49.492507
920,26,رشت,rasht,37.28083300,49.58305600
921,26,رضوانشهر,gilan-rezvanshahr,37.55067500,49.14098010
922,26,رودبار,gilan-rudbar,36.809697,49.4161177
923,26,رودبنه,rodbaneh,37.256608,50.007963
924,26,رودسر,rudsar,37.13784150,50.28361990
925,26,سنگر,sangar,37.180665,49.694125
926,26,سیاهکل,siahkal,37.15277800,49.87083300
927,26,شفت,shaft,37.041267,49.368601
928,26,شلمان,shalman,37.158691,50.216156
929,26,صومعه سرا,someh-sara,37.3048838,49.3178469
930,26,فومن,fuman,37.22388900,49.31250000
931,26,کلاچای,kelachay,37.076046,50.397216
932,26,کوچصفهان,kuchesfahan,37.278227,49.773234
933,26,کومله,komoleh,37.157201,50.172630
934,26,کیاشهر,kiashahr,37.420986,49.953460
935,26,گوراب زرمیخ,gurab-zarmikh,37.300956,49.222655
936,26,لاهیجان,lahijan,37.20722200,50.00388900
937,26,لشت نشا,lasht-nesha,37.358515,49.861053
938,26,لنگرود,langarud,37.19694400,50.15361100
939,26,لوشان,lowshan,36.628760,49.511974
940,26,لولمان,louleman,37.256506,49.817301
941,26,لوندویل,lavandevil,38.309501,48.868046
942,26,لیسار,lisar,37.956852,48.908729
943,26,ماسال,masal,37.36211850,49.13147690
944,26,ماسوله,masuleh,37.157270,48.994088
945,26,مرجقل,marjaghal,37.2731,49.3611
946,26,منجیل,manjil,36.738563,49.410844
947,26,واجارگاه,vajargah,37.038801,50.403515
1121,26,زیباکنار,zibakenar,37.4349,49.8788
1159,26,پیربازار,pirbazar,37.3419119782,49.5486831665
999,28,اراک,arak,34.09166700,49.68916700
1000,28,آستانه,astaneh,33.8851324,49.3526243
1001,28,آشتیان,ashtiyan,34.52194400,50.00611100
1002,28,پرندک,parandak,35.370048,50.683923
1003,28,تفرش,tafresh,34.69194400,50.01305600
1004,28,توره,tureh,34.044934,49.287951
1005,28,جاورسیان,javersiyan,34.257305,49.326639
1006,28,خشکرود,khoshkrud,35.400060,50.334689
1007,28,خمین,khomeyn,33.64061480,50.07711250
1008,28,خنداب,khondab,34.393929,49.188087
1009,28,داودآباد,davudabd,34.296613,49.854712
1010,28,دلیجان,delijan,33.99055600,50.68388900
1011,28,رازقان,razeqan,35.330619,49.955682
1012,28,زاویه,zaviyeh,35.378831,50.570540
1013,28,ساروق,saruq,34.411370,49.501605
1014,28,ساوه,saveh,35.02138900,50.35666700
1015,28,سنجان,senejan,34.051545,49.619644
1016,28,شازند,shazand,33.9345902,49.4008639
1017,28,غرق آباد,gharq-abad,35.109640,49.831109
1018,28,فرمهین,farmahin,34.506270,49.686098
1019,28,قورچی باشی,ghurchi-bashi,33.676283,49.879560
1020,28,کرهرود,karahroud,34.064289,49.647657
1021,28,کمیجان,komijan,34.71916700,49.32666700
1022,28,مامونیه,mamuniyeh,35.306262,50.499194
1023,28,محلات,mahallat,33.90857480,50.45526160
1024,28,مهاجران,mohajeran,34.049492,49.433069
1025,28,میلاجرد,milajerd,34.621660,49.208794
1026,28,نراق,naraq,34.010940,50.840242
1027,28,نوبران,nowbaran,35.132140,49.708124
1028,28,نیمور,nimvar,33.885994,50.571860
1029,28,هندودر,hodudar,33.779611,49.230659
1030,29,ابوموسی,abumusa,25.87971060,55.03280170
1031,29,بستک,bastak,27.19916700,54.36666700
1032,29,بندرجاسک,bandar-jask,25.6577021,57.7856666
1033,29,بندرچارک,bandar-charak,26.736147,54.267874
1034,29,بندرخمیر,bandar-khamir,26.95222200,55.58500000
1035,29,بندرعباس,bandar-abbas,27.18322160,56.26664550
1036,29,بندرلنگه,bandar-lengeh,26.55805600,54.88055600
1037,29,بیکا,bika,27.354730,57.178817
1038,29,پارسیان,parsiyan,27.215649,53.039546
1039,29,تخت,takht,27.505396,56.636152
1040,29,جناح,janah,27.026327,54.290249
1041,29,حاجی آباد,hormozgan-haji-abad,28.30916700,55.90166700
1042,29,درگهان,dargahan,26.959178,56.063854
1043,29,دهبارز,dehbarez,27.44083300,57.19250000
1044,29,رویدر,ruydar,27.467647,55.423107
1045,29,زیارتعلی,ziyaratali,27.737401,57.228319
1046,29,سردشت,hormozgan-sardasht,26.457413,57.904429
1047,29,سندرک,senderk,26.838354,57.426900
1048,29,سوزا,suza,26.780315,56.061215
1049,29,سیریک,sirik,26.521710,57.103843
1050,29,فارغان,fareghan,28.009671,56.253390
1051,29,فین,fin,27.634189,55.890369
1052,29,قشم,qeshm,26.81186730,55.89132070
1053,29,قلعه قاضی,qaleh-qazi,27.452500,56.548296
1054,29,کنگ,kang,26.602412,54.941338
1055,29,کوشکنار,kushkonar,27.251272,52.866039
1056,29,کیش,kish,26.536032,53.971636
1057,29,گوهران,gowharan,26.597996,57.894537
1058,29,میناب,minab,27.14666700,57.08000000
1059,29,هرمز,hormoz,27.087823,56.455286
1060,29,هشتبندی,hashtbandi,27.146165,57.445453
1061,30,ازندریان,azandariyan,34.506413,48.692061
1062,30,اسدآباد,asad-abad,34.78250000,48.11861100
1063,30,برزول,barzul,34.213816,48.262500
1064,30,بهار,bahar,34.90832520,48.43927290
1065,30,تویسرکان,tuyserkan,34.54805600,48.44694400
1066,30,جورقان,juraqan,34.885350,48.552543
1067,30,جوکار,jowkar,34.431089,48.686567
1068,30,دمق,damaq,35.442016,48.822951
1069,30,رزن,razan,35.3913831,49.0337393
1070,30,زنگنه,zanganeh,34.155443,49.008969
1071,30,سامن,samen,34.209548,48.703551
1072,30,سرکان,serkan,34.601761,48.447298
1073,30,شیرین سو,shirin-su,35.492743,48.451359
1074,30,صالح آباد,hamedan-saleh-abad,34.923131,48.343384
1075,30,فامنین,famenin,35.114904,48.972909
1076,30,فرسفج,farasfaj,34.486776,48.285878
1077,30,فیروزان,firuzan,34.361877,48.114452
1078,30,قروه درجزین,qorveh-dargazin,35.311947,49.100003
1079,30,قهاوند,qahavand,34.858362,49.001287
1080,30,کبودر آهنگ,kabudar-ahang,35.20833300,48.72388900
1081,30,گل تپه,gol-tappeh,35.220590,48.206055
1082,30,گیان,giyan,34.175985,48.244035
1083,30,لالجین,lalehjin,34.975709,48.474748
1084,30,مریانج,maryanaj,34.831594,48.463054
1085,30,ملایر,malayer,34.3019991,48.8145947
1086,30,نهاوند,nahavand,34.18861100,48.37694400
1087,30,همدان,hamedan,34.7988627,48.5149384
1088,31,ابرکوه,abarkuh,31.13040360,53.25037360
1089,31,احمدآباد,ahmadabad,32.360125,53.993403
1090,31,اردکان,yazd-ardakan,32.31000000,54.01750000
1091,31,اشکذر,ashkezar,32.002487,54.207294
1092,31,بافق,bafq,31.61277800,55.41055600
1093,31,بفروئیه,bafruiyeh,32.270484,53.992779
1094,31,بهاباد,behabad,31.871103,56.024265
1095,31,تفت,taft,31.754367,54.208376
1096,31,حمیدیا,hamidia,31.828818,54.396100
1097,31,خضرآباد,khezrabad,31.870824,53.955563
1098,31,دیهوک,deyhuk,33.293265,57.512870
1099,31,زارچ,zarach,31.985207,54.238472
1100,31,شاهدیه,shahediyeh,31.945107,54.281043
1101,31,طبس,yazd-tabas,33.59583300,56.92444400
1103,31,عقدا,aqda,32.444503,53.637957
1104,31,مروست,marvast,30.479449,54.210792
1105,31,مهردشت,mehrdasht,31.0223563,53.3552819
1106,31,مهریز,mehriz,31.5778134,54.4451576
1107,31,میبد,meybod,32.24872260,54.00793410
1108,31,ندوشن,nedushan,32.029986,53.549681
1109,31,نیر,yazd-nir,31.481379,54.130368
1110,31,هرات,harat,30.055385,54.371424
1111,31,یزد,yazd,31.8973804,54.3569183
1160,31,رضوانشهر,rezvanshahr,31.9967940333,54.2058563232
